{"origin": {"small_noise": {"accuracy": 0.45275, "precision": 0.5076723437522458, "recall": 0.44866904501541194}, "medium_noise": {"accuracy": 0.44749999999999995, "precision": 0.47725838250277974, "recall": 0.44334181152733293}, "large_noise": {"accuracy": 0.24337499999999998, "precision": 0.3701909554269931, "recall": 0.243574259968722}}, "small_noise": {"origin": {"accuracy": 0.49179166666666657, "precision": 0.5246073643274628, "recall": 0.48988190086565364}, "medium_noise": {"accuracy": 0.45183333333333336, "precision": 0.4768390614839605, "recall": 0.44852682543077166}, "large_noise": {"accuracy": 0.26925000000000004, "precision": 0.42531262220848437, "recall": 0.27158448050843775}}, "medium_noise": {"origin": {"accuracy": 0.4609166666666667, "precision": 0.49785897334129514, "recall": 0.45856332292492574}, "small_noise": {"accuracy": 0.43083333333333335, "precision": 0.48636389091426285, "recall": 0.42791139901059394}, "large_noise": {"accuracy": 0.2632083333333333, "precision": 0.37588229436508686, "recall": 0.2681751183464043}}, "large_noise": {"origin": {"accuracy": 0.3819166666666667, "precision": 0.4318681605102281, "recall": 0.37475746783430275}, "small_noise": {"accuracy": 0.40008333333333335, "precision": 0.4401009127226162, "recall": 0.39358666988746943}, "medium_noise": {"accuracy": 0.34983333333333333, "precision": 0.4086623452324556, "recall": 0.34212226835802373}}}